acceXmin,acceXmax,acceXmean,acceXstd,acceYmin,acceYmax,acceYmean,acceYstd,acceZmin,acceZmax,acceZmean,acceZstd,gXmin,gXmax,gXmean,gXstd,gYmin,gYmax,gYmean,gYstd,gZmin,gZmax,gZmean,gZstd,label
0.21,0.45,0.307,0.0444056223521573,-1.58,-0.77,-1.2150999999999998,0.2072844039492672,10.09,10.55,10.28825,0.0639757923753216,-0.24,0.04,-0.1071,0.0598204180197723,0.02,0.1,0.0587,0.0143995393561162,-0.02,0.0,-0.0121999999999999,0.0055055933185211,0.0
0.18,0.42,0.29195,0.054548834789429,-1.78,-1.11,-1.46425,0.1917767690460151,10.04,10.44,10.25275,0.0565235531464672,-0.2,0.03,-0.0969,0.0433565328955581,0.02,0.1,0.0562999999999999,0.0146074256603314,-0.02,0.0,-0.01125,0.0042458966298009,0.0
0.21,0.42,0.2986,0.0459849221520123,-1.68,-1.11,-1.4491000000000005,0.1537935377748575,10.03,10.46,10.25605,0.0565498623753705,-0.2,-0.01,-0.1132,0.0395166779878569,0.02,0.1,0.0601,0.0142479831950219,-0.02,0.0,-0.0122,0.004719253837623,0.0
0.18,0.43,0.3028,0.0616943348677483,-1.81,-1.02,-1.4121499999999998,0.223098052896098,10.03,10.46,10.2602,0.0668002347060541,-0.21,0.04,-0.10795,0.0558110370741888,0.01,0.1,0.0595,0.0168871513108926,-0.02,0.0,-0.01275,0.0053928577371245,0.0
0.2,0.43,0.2907,0.0583655952901008,-1.82,-1.11,-1.5366,0.1974394888536585,9.98,10.45,10.2406,0.059059972925917,-0.2,0.01,-0.1107,0.0401443375732615,0.02,0.09,0.05905,0.0134350288425444,-0.02,0.0,-0.0128499999999999,0.0048471615275717,0.0
0.23,0.46,0.33055,0.0496844060144128,-1.8,-1.13,-1.4510000000000003,0.1856592220539242,10.07,10.44,10.2512,0.0535527730139852,-0.22,0.03,-0.10455,0.0525031465915144,0.01,0.1,0.05835,0.0165877444618506,-0.02,0.0,-0.01245,0.0053517009929169,0.0
0.2,0.47,0.33485,0.0550100721704762,-1.81,-1.03,-1.4480000000000002,0.2113417295121004,10.01,10.48,10.2552,0.0587556048860671,-0.2,0.03,-0.1011,0.0530647655863442,0.02,0.09,0.05685,0.0154847144600585,-0.02,0.0,-0.0121999999999999,0.0049276167703237,0.0
0.22,0.46,0.3216,0.0545188179213167,-1.78,-1.1,-1.50025,0.1820802117682971,10.04,10.51,10.24705,0.0655306710191578,-0.23,0.02,-0.1073,0.0533756009227938,0.02,0.11,0.0586,0.0165350244987988,-0.02,0.0,-0.0118,0.0048866549893485,0.0
0.21,0.49,0.3336499999999999,0.0558549584361992,-1.86,-1.1,-1.4958,0.2100546949591269,9.96,10.43,10.2488,0.0611248002534989,-0.22,0.01,-0.11765,0.0504848601615141,0.02,0.1,0.06155,0.015854156280193,-0.02,0.0,-0.0134,0.0050564650889707,0.0
0.22,0.46,0.31645,0.053433822311661,-1.92,-1.23,-1.5854500000000002,0.2006416779100814,10.05,10.38,10.2298,0.0551923088371365,-0.22,0.04,-0.1032,0.0532724107652706,0.01,0.1,0.058,0.0168349958546812,-0.02,0.0,-0.01215,0.004898723041486,0.0
0.2,0.41,0.2878,0.0458439564360291,-1.87,-1.31,-1.68815,0.1542759959117842,9.98,10.4,10.21245,0.0542050591938709,-0.2,0.02,-0.112,0.0388787575540258,0.02,0.09,0.0592,0.0124553473814245,-0.02,0.0,-0.01215,0.0045806562914391,0.0
0.21,0.41,0.3018499999999999,0.0463120017656081,-1.61,-0.97,-1.32405,0.1997161239128022,10.07,10.52,10.27475,0.0599240515969923,-0.24,0.03,-0.10495,0.0557813165529634,0.02,0.11,0.0586,0.0149383994756624,-0.02,0.0,-0.0121,0.0049712742671468,0.0
0.23,0.41,0.31205,0.0443863519700147,-1.89,-1.35,-1.6339,0.1683612710451537,9.98,10.4,10.2247,0.0568159330756459,-0.2,0.02,-0.10095,0.0435093416873934,0.02,0.1,0.0572,0.0132680142072966,-0.02,0.0,-0.0117499999999999,0.0047487104835188,0.0
0.23,0.44,0.3069999999999999,0.0393029721279504,-1.92,-1.31,-1.66775,0.1446132860859015,9.98,10.41,10.2176,0.0566505642704537,-0.2,0.0,-0.1059,0.0449700067549215,0.02,0.1,0.05855,0.0144025925918507,-0.02,0.0,-0.0121,0.0046581640656283,0.0
0.22,0.44,0.30935,0.0438370383311674,-1.99,-1.35,-1.6805,0.1747870204350506,9.95,10.42,10.213100000000004,0.0591768493372825,-0.21,0.01,-0.1172,0.0422740520578159,0.02,0.11,0.06125,0.0142813615048482,-0.02,0.0,-0.0128,0.0049276167703237,0.0
0.23,0.45,0.31915,0.0458835920575155,-1.95,-1.35,-1.69685,0.1805590912336891,9.97,10.41,10.210900000000002,0.0547464691043814,-0.2,0.03,-0.0986,0.0438938875794132,0.01,0.1,0.05655,0.0138403495758564,-0.02,0.0,-0.0116999999999999,0.0051226171075096,0.0
0.22,0.44,0.3095,0.0408545649516297,-1.93,-1.32,-1.6959000000000004,0.1436921262132285,9.97,10.43,10.2157,0.0608194461099871,-0.2,0.0,-0.10635,0.0450814728683513,0.03,0.1,0.05905,0.0141987861325604,-0.02,0.0,-0.01215,0.0050002512499687,0.0
0.2,0.44,0.31945,0.0379261050891886,-1.91,-1.41,-1.6763,0.1409918562101653,9.96,10.39,10.2135,0.0551539644902791,-0.2,0.01,-0.1063,0.0441822402301965,0.01,0.09,0.0583,0.0133792759567036,-0.02,0.0,-0.0122,0.0052246035650621,0.0
0.21,0.45,0.3118499999999999,0.0539409457475552,-1.97,-1.29,-1.69945,0.1976703450865434,9.99,10.46,10.2099,0.0574936308467268,-0.21,0.01,-0.11565,0.0473368926634942,0.03,0.1,0.06135,0.0157772656234457,-0.02,0.0,-0.0131,0.0053415974498817,0.0
0.21,0.44,0.3078,0.0448913820337993,-2.04,-1.39,-1.72465,0.1701399881799968,9.97,10.42,10.2061,0.0588310757796161,-0.21,0.02,-0.1089999999999999,0.052101562973884,0.02,0.1,0.0591,0.0162947104282248,-0.02,0.0,-0.0129,0.0058102318344321,0.0
0.18,0.4,0.29905,0.0464260096482488,-2.0,-1.38,-1.7164499999999998,0.1872758895158953,9.95,10.44,10.20815,0.0574331816266415,-0.22,0.02,-0.10425,0.0533730353692069,0.02,0.1,0.0584,0.0158333024772687,-0.02,0.0,-0.0123499999999999,0.0054889107028186,0.0
0.21,0.44,0.3047999999999999,0.0553650289637854,-1.97,-1.24,-1.669,0.2107893754533659,9.95,10.37,10.2141,0.0533330297311291,-0.21,0.01,-0.102,0.0543670754636697,0.02,0.1,0.05765,0.0155946615011895,-0.02,0.0,-0.0125999999999999,0.0057798819344238,0.0
0.17,0.4,0.27255,0.0484534434370202,-1.75,-1.06,-1.4841,0.1966559375888374,10.02,10.43,10.24915,0.0561206301250096,-0.22,0.03,-0.11705,0.0475087667128169,0.02,0.1,0.0611,0.0128692692275925,-0.02,0.0,-0.01275,0.0053928577371245,0.0
0.23,0.44,0.3093,0.0449400494014081,-2.01,-1.37,-1.72845,0.1678719825121596,9.96,10.39,10.20375,0.0536266406081396,-0.21,0.02,-0.10325,0.0489481060453531,0.02,0.1,0.05735,0.0153183143253049,-0.02,0.0,-0.0116,0.004532407039073,0.0
0.21,0.44,0.3112,0.0436127315328768,-1.99,-1.33,-1.7375,0.1681491022961915,9.98,10.41,10.20515,0.0579462365616465,-0.21,0.02,-0.10895,0.0507867499437525,0.01,0.1,0.0597,0.0153652351840545,-0.02,0.0,-0.01295,0.0056530776071234,0.0
0.23,0.46,0.3202,0.0449450809489485,-2.0,-1.31,-1.6836000000000002,0.175705441037124,9.97,10.38,10.2137,0.0514152471373128,-0.21,0.0,-0.1118,0.0464602277633148,0.03,0.09,0.0595,0.0141687603143048,-0.02,0.0,-0.0127,0.0051811409077082,0.0
0.24,0.42,0.32775,0.0353082264390518,-1.97,-1.4,-1.68145,0.1406245848681756,10.07,10.39,10.2137,0.0489108511149001,-0.2,0.01,-0.10765,0.0418417393971485,0.01,0.1,0.0586,0.0131110448663497,-0.02,0.0,-0.01205,0.0046265022006982,0.0
0.23,0.4,0.30835,0.0353983433732122,-1.97,-1.52,-1.79375,0.1112624562503195,9.98,10.38,10.19385,0.0506904835805316,-0.18,0.0,-0.10845,0.0295204128336537,0.03,0.09,0.05915,0.010925857946143,-0.02,0.0,-0.0119999999999999,0.0043698372265949,0.0
0.24,0.43,0.3204000000000001,0.0445845140656748,-1.95,-1.36,-1.7246499999999998,0.1688651970474358,9.94,10.39,10.20475,0.061349460318792,-0.2,0.04,-0.0979,0.0419929403016254,0.01,0.1,0.05735,0.0141235574262244,-0.02,0.0,-0.01115,0.004390201515504,0.0
0.25,0.44,0.33485,0.0384495688757841,-1.88,-1.33,-1.65775,0.141915954673725,10.01,10.38,10.2203,0.0540603608299586,-0.2,0.01,-0.10955,0.042049235319501,0.01,0.1,0.05995,0.0129357709802806,-0.02,0.0,-0.01185,0.004815959648573,0.0
0.25,0.49,0.3591499999999999,0.0486891225353911,-1.81,-1.12,-1.5317,0.1792057014078665,10.04,10.44,10.24065,0.0558540587549104,-0.22,0.0,-0.1107,0.0488820753081552,0.03,0.1,0.05985,0.0141945385491433,-0.02,0.0,-0.01225,0.004955835096887,0.0
0.24,0.46,0.34355,0.0440180125305048,-1.87,-1.26,-1.58485,0.1718038425108924,10.03,10.45,10.2344,0.0571486644572401,-0.21,0.0,-0.1039,0.0475615443663529,0.02,0.1,0.05785,0.0146612503323056,-0.02,0.0,-0.0121,0.0050713502112183,0.0
0.25,0.46,0.3312999999999999,0.0414232959484899,-1.9,-1.27,-1.6743,0.1530149596916825,10.02,10.41,10.217050000000002,0.0574307317098051,-0.2,0.01,-0.10375,0.0462398977151065,0.01,0.1,0.0574,0.0150122228257794,-0.02,0.0,-0.01205,0.005042283521935,0.0
0.18,0.4,0.2935,0.0498616175481964,-1.74,-1.03,-1.42105,0.1939159987542655,10.07,10.47,10.25845,0.0573633179937865,-0.2,0.02,-0.1053,0.0519171160088208,0.02,0.1,0.0581,0.0153154436458873,-0.02,0.0,-0.0121999999999999,0.0053199161213019,0.0
0.24,0.44,0.3288,0.0427750925506137,-1.93,-1.24,-1.6723,0.1914916585033977,10.05,10.42,10.2138,0.0567685948992413,-0.21,0.02,-0.1108,0.0433677739697978,0.02,0.1,0.05995,0.0125412885939998,-0.02,0.0,-0.01205,0.0048388606989994,0.0
0.23,0.39,0.3015,0.0260797000321868,-1.93,-1.56,-1.7715500000000004,0.0774148746305925,10.05,10.37,10.1994,0.0472525556991419,-0.18,-0.04,-0.11305,0.0242515605880276,0.02,0.1,0.0598,0.0112959280251668,-0.02,-0.01,-0.01175,0.0038092059869815,0.0
0.21,0.34,0.2746,0.019486885165858,-1.98,-1.8,-1.8968,0.027958332241186,9.97,10.35,10.17355,0.0450448966428809,-0.17,-0.03,-0.10795,0.0212498300318357,0.02,0.1,0.05875,0.0103184228080763,-0.02,0.0,-0.01125,0.0036058996884015,0.0
0.25,0.52,0.34975,0.0594737178556872,-1.95,-1.19,-1.6359,0.2256608163153286,10.02,10.48,10.2195,0.0643072868007847,-0.2,0.01,-0.1077,0.0393376058775938,0.02,0.1,0.05855,0.0135764168865495,-0.02,0.0,-0.0124,0.0049357683338286,0.0
0.24,0.47,0.3466,0.0553149048039254,-2.01,-1.21,-1.64505,0.2190752549620413,10.02,10.42,10.2198,0.0569929908412001,-0.21,0.01,-0.10015,0.0423728070095591,0.03,0.1,0.05725,0.0131835705582105,-0.02,0.0,-0.01185,0.0044920365047268,0.0
0.26,0.48,0.38065,0.0498749944899935,-1.81,-1.17,-1.4683,0.1925838850055193,10.03,10.45,10.2532,0.0563973697665317,-0.22,0.02,-0.10285,0.044669388526784,0.01,0.1,0.05755,0.0139452446821929,-0.02,0.0,-0.01175,0.004532129853063,0.0
0.25,0.49,0.3459,0.0490019997540865,-1.9,-1.2,-1.601,0.1935570241764431,10.03,10.47,10.23085,0.0596537538781826,-0.23,0.02,-0.1166,0.0446250712596027,0.02,0.09,0.0606,0.0141648584913652,-0.02,0.0,-0.01325,0.0052031590713342,0.0
0.22,0.45,0.3212,0.0542427078673614,-1.99,-1.3,-1.69885,0.2048069994779862,9.95,10.44,10.21115,0.0615803393215299,-0.19,0.03,-0.1075,0.0382763030723243,0.02,0.09,0.0589,0.0124726837206745,-0.02,0.0,-0.012,0.0043698372265949,0.0
0.24,0.49,0.3301,0.0482663256417429,-1.91,-1.24,-1.6707,0.1793917977094469,10.03,10.4,10.21725,0.0564078605663106,-0.2,0.03,-0.101,0.0417096930276681,0.01,0.1,0.0567,0.0134914825168516,-0.02,0.0,-0.0115,0.0045666477154236,0.0
0.24,0.5,0.3556,0.0559759460184757,-1.95,-1.22,-1.58185,0.2177017403207734,10.03,10.39,10.2274,0.0547744576059877,-0.21,0.02,-0.1094,0.0492010540394508,0.01,0.1,0.0597,0.0158798883582774,-0.02,0.0,-0.01215,0.004898723041486,0.0
0.12,0.36,0.23735,0.0526052665647818,-1.91,-1.23,-1.6568999999999996,0.1916901551407621,10.0,10.41,10.21695,0.0581558942859707,-0.21,0.03,-0.11295,0.044028285791622,0.01,0.11,0.05975,0.014157672778125,-0.02,0.0,-0.01235,0.0051096027439523,0.0
0.24,0.48,0.3296499999999999,0.0518150702743679,-1.96,-1.24,-1.7093,0.1963703556622398,9.98,10.4,10.2095,0.0587367006223536,-0.22,0.02,-0.11255,0.0443942761940542,0.01,0.1,0.05985,0.0142298963365424,-0.02,0.0,-0.0126,0.0052322924633577,0.0
0.24,0.48,0.3484,0.0566966715320579,-1.99,-1.24,-1.6338,0.2281949268128359,10.0,10.42,10.21695,0.0611300409745301,-0.22,0.03,-0.098,0.0541169401951034,0.02,0.11,0.0563,0.0164518484245058,-0.02,0.0,-0.0117999999999999,0.0054689622177057,0.0
0.23,0.43,0.3043,0.045451503781282,-2.05,-1.37,-1.79565,0.1884866402900725,9.92,10.43,10.19535,0.0607728905113581,-0.21,0.02,-0.1165,0.0474447576147842,0.02,0.1,0.06135,0.0136237119625376,-0.02,0.0,-0.01305,0.0052282091440828,0.0
0.22,0.43,0.3135,0.0531306344928049,-2.05,-1.37,-1.7479000000000002,0.2113692855510749,9.99,10.38,10.2011,0.0566110772760222,-0.2,0.03,-0.0977,0.0493343632469795,0.01,0.1,0.056,0.0150041870203188,-0.02,0.0,-0.0115,0.0049874213637205,0.0
0.23,0.43,0.31655,0.0440145875772793,-2.03,-1.35,-1.76625,0.1815910627491115,9.94,10.39,10.1994,0.0592214140273346,-0.21,0.03,-0.11265,0.0481776183987218,0.02,0.09,0.0597,0.014031909077592,-0.02,0.0,-0.01245,0.0050621762257653,0.0
0.24,0.43,0.3251999999999999,0.0427562919640204,-2.04,-1.39,-1.74535,0.1706855155721499,10.04,10.41,10.2029,0.0550339319723906,-0.22,0.03,-0.11125,0.0467640017459635,0.01,0.1,0.05895,0.0144722052092309,-0.02,0.0,-0.0126,0.0048328856721008,0.0
0.23,0.46,0.31715,0.0428433807767537,-2.04,-1.45,-1.7889,0.1763954841660376,9.98,10.37,10.19565,0.0538617017422663,-0.2,0.03,-0.0997,0.0429433423625401,0.01,0.1,0.05705,0.0138838505657711,-0.02,0.0,-0.0113,0.0044053416639211,0.0
0.23,0.41,0.32625,0.035690426344656,-1.97,-1.44,-1.7735,0.1466467741953758,10.04,10.38,10.19545,0.0522055995379382,-0.2,0.02,-0.1135,0.0381184348495171,0.03,0.1,0.06025,0.011580502588446,-0.02,0.0,-0.01225,0.0046416835448631,0.0
0.23,0.43,0.312,0.0388011293416951,-2.02,-1.42,-1.81995,0.1589712451480442,9.96,10.39,10.1863,0.0552591882807487,-0.2,0.01,-0.1069,0.0375558545509921,0.02,0.1,0.05875,0.0124382898855261,-0.02,0.0,-0.01145,0.0046373510893211,0.0
0.23,0.47,0.31865,0.0481484043787652,-2.02,-1.36,-1.81675,0.1718446695485818,9.94,10.4,10.1909,0.061294166723856,-0.2,0.03,-0.1089499999999999,0.039012915011422,0.01,0.1,0.0593,0.0133942911412242,-0.02,0.0,-0.01125,0.0045872337598861,0.0
0.15,0.38,0.2602,0.0532554288642724,-1.88,-1.22,-1.5783499999999997,0.1963198536180768,10.04,10.48,10.2354,0.0587802311826812,-0.21,0.02,-0.1014,0.0499450954830809,0.01,0.1,0.05705,0.0157810872112107,-0.02,0.0,-0.01175,0.0052512262267419,0.0
0.24,0.49,0.33945,0.048579805345814,-2.01,-1.28,-1.77445,0.2080725074143831,9.94,10.41,10.19785,0.0627259934258221,-0.19,-0.03,-0.1144999999999999,0.0337705827800843,0.03,0.1,0.06005,0.0117125324795889,-0.02,0.0,-0.01225,0.0044198615226494,0.0
0.26,0.49,0.3483499999999999,0.0488539768624457,-2.01,-1.28,-1.74795,0.1988062299965148,10.01,10.39,10.20035,0.0562512088088986,-0.19,0.02,-0.10635,0.0392156452729118,0.02,0.1,0.0583,0.0125658066787388,-0.02,0.0,-0.01175,0.0046416835448631,0.0
0.28,0.53,0.38085,0.0508498380543218,-1.94,-1.2,-1.59825,0.2077044612329749,9.97,10.43,10.23065,0.0605923648108145,-0.2,0.01,-0.09415,0.0469285514875924,0.02,0.09,0.05555,0.0145172744095235,-0.02,0.0,-0.0113499999999999,0.0051779878127458,0.0
0.26,0.51,0.36095,0.0530060914296009,-2.0,-1.24,-1.6961000000000002,0.221640276259306,9.96,10.41,10.2113,0.0627134345604819,-0.22,0.02,-0.1115,0.0451991684007637,0.03,0.09,0.06005,0.0136170710182321,-0.02,0.0,-0.01245,0.0051604896343594,0.0
0.27,0.48,0.3572999999999999,0.0506610571698601,-2.0,-1.26,-1.7179,0.2145524499250573,10.03,10.41,10.20915,0.0590696505668557,-0.22,0.02,-0.1158,0.0483741697758993,0.01,0.11,0.06,0.014388716964323,-0.02,0.0,-0.01335,0.005606663300648,0.0
0.28,0.49,0.37665,0.0516295024926464,-2.04,-1.25,-1.6791999999999998,0.2319685475127519,10.02,10.38,10.213,0.059063035911264,-0.21,0.03,-0.09615,0.0523198272322074,0.01,0.11,0.0564,0.014284967676111,-0.02,0.0,-0.0121999999999999,0.0055055933185211,0.0
0.26,0.47,0.34595,0.0439974588119535,-2.01,-1.4,-1.7639999999999998,0.1808689244707226,9.93,10.42,10.1995,0.059213861612254,-0.23,0.02,-0.11735,0.044625493536395,0.03,0.11,0.0614,0.0129568281992517,-0.02,0.0,-0.0129,0.0053603794960532,0.0
0.22,0.44,0.3211,0.0411491953919761,-2.01,-1.45,-1.82555,0.148755971967447,9.96,10.37,10.1903,0.0551371975418031,-0.21,0.02,-0.1036,0.0401759947327234,0.02,0.1,0.05775,0.0131644984750845,-0.02,0.0,-0.0118,0.0044563770579263,0.0
0.26,0.49,0.3702499999999999,0.046359286201207,-1.95,-1.29,-1.63945,0.1697535828619601,9.94,10.39,10.2209,0.0600183389059137,-0.19,0.01,-0.1098499999999999,0.049291232771566,0.01,0.1,0.0593,0.0153521478044948,-0.02,0.0,-0.01275,0.0054852474600962,0.0
0.27,0.45,0.348,0.041781917658433,-2.01,-1.36,-1.7555500000000002,0.1835350732573419,9.98,10.41,10.20015,0.0563413635460764,-0.2,0.01,-0.0988,0.0449182395158807,0.01,0.1,0.0561,0.0128301623265893,-0.02,0.0,-0.0116999999999999,0.0048193496089479,0.0
0.16,0.42,0.2586,0.0590633762331641,-1.92,-1.15,-1.6114,0.2209823658805171,9.96,10.43,10.22495,0.0621798130081511,-0.21,0.02,-0.10885,0.0438267202404557,0.02,0.11,0.0593,0.0147170977038314,-0.02,0.0,-0.0128,0.0052246035650621,0.0
0.21,0.44,0.33405,0.0392914314184985,-1.99,-1.39,-1.78345,0.153588883797398,9.97,10.38,10.1964,0.0546808005587769,-0.2,0.01,-0.11685,0.037771828857978,0.02,0.1,0.0615,0.0129067003751099,-0.02,0.0,-0.01295,0.0052855639178472,0.0
0.24,0.46,0.3399000000000001,0.0455561942459074,-2.02,-1.39,-1.7651499999999998,0.1709887812594233,9.98,10.39,10.19785,0.0575101258289731,-0.19,0.01,-0.0984,0.0408261419846001,0.02,0.1,0.0567,0.0130368630810856,-0.02,0.0,-0.0116999999999999,0.0047139267630753,0.0
0.27,0.49,0.34535,0.0410402119265346,-2.06,-1.39,-1.7859499999999997,0.1756569792859346,10.0,10.36,10.1924,0.0513754531457353,-0.21,0.0,-0.1154,0.0441768942995062,0.01,0.1,0.06035,0.0141909979251126,-0.02,0.0,-0.0135,0.005185019007733,0.0
0.23,0.49,0.3624000000000001,0.0464004851820067,-2.04,-1.39,-1.73245,0.1853219323042063,9.98,10.41,10.20455,0.0555628803099849,-0.22,0.01,-0.10245,0.051368190106075,0.02,0.1,0.0579,0.0154200808841056,-0.02,0.0,-0.0118,0.0050881673750163,0.0
0.24,0.45,0.3362999999999999,0.0463362193767537,-2.06,-1.39,-1.82235,0.1832152192993654,9.93,10.38,10.18775,0.0601792757195585,-0.2,0.03,-0.11125,0.0433860489815695,0.01,0.1,0.05945,0.0128461127608832,-0.02,0.0,-0.0127,0.0048815105990505,0.0
0.25,0.47,0.3688,0.0418727433202773,-1.99,-1.34,-1.64685,0.1722379372704395,10.02,10.4,10.2204,0.0554002340216017,-0.2,0.03,-0.10235,0.0489074348737454,0.01,0.1,0.05735,0.014681800856227,-0.02,0.0,-0.01195,0.004982128866278,0.0
0.26,0.5,0.3707499999999999,0.042826487600561,-1.95,-1.28,-1.6603000000000003,0.1675658124664386,9.97,10.54,10.22095,0.061836203638338,-0.19,0.04,-0.10065,0.0446885087474437,0.01,0.1,0.05655,0.0137309941739491,-0.02,0.0,-0.0121,0.0051694891517878,0.0
0.27,0.49,0.3764,0.0449459753873201,-1.95,-1.33,-1.67155,0.1850603527794494,9.97,10.43,10.2207,0.0577075454686828,-0.21,0.01,-0.11695,0.0437581004704719,0.03,0.1,0.0607,0.0133190459464866,-0.02,0.0,-0.01305,0.0051311934019917,0.0
0.27,0.51,0.3576999999999999,0.0413309963136797,-2.02,-1.36,-1.7812,0.1733285142997156,9.95,10.39,10.1954,0.0565404644533719,-0.21,0.01,-0.09945,0.0438269495577514,0.02,0.1,0.05675,0.0140328938766301,-0.02,0.0,-0.0117,0.005315191086067,0.0
0.27,0.46,0.3420999999999999,0.0416444630957425,-2.08,-1.48,-1.8304,0.1584499033110985,9.95,10.41,10.18445,0.0565569708769296,-0.22,0.01,-0.11685,0.0409629996055393,0.03,0.1,0.06135,0.0129427615050608,-0.02,0.0,-0.01285,0.0052454814247011,0.0
0.17,0.37,0.2663,0.0470037954203657,-1.84,-1.22,-1.5832499999999998,0.1696758289641555,10.07,10.44,10.2334,0.0559202590917139,-0.19,0.03,-0.1033999999999999,0.0408630510941561,0.02,0.09,0.0572,0.0133811537761849,-0.02,0.0,-0.01215,0.0045806562914391,0.0
0.24,0.48,0.35855,0.0473562092313544,-2.03,-1.32,-1.6830500000000002,0.1945209229035174,9.91,10.42,10.2147,0.0648996906714217,-0.21,0.01,-0.09855,0.0479153094993876,0.02,0.09,0.05665,0.0147773254255859,-0.02,0.0,-0.01145,0.0050522396645587,0.0
0.28,0.48,0.3637999999999999,0.0413899218184898,-2.0,-1.37,-1.7226,0.1566971922219771,9.99,10.44,10.20765,0.0554830545908719,-0.19,0.02,-0.1112,0.0411463865439985,0.01,0.1,0.05905,0.0134350288425444,-0.02,0.0,-0.013,0.0053047811941293,0.0
0.25,0.5,0.37605,0.0505934381110781,-1.99,-1.25,-1.65135,0.2027020426400589,10.01,10.41,10.2199,0.0564350473807219,-0.22,0.01,-0.10535,0.048690154608287,0.01,0.1,0.05795,0.0152136377592391,-0.02,0.0,-0.0117999999999999,0.0054689622177057,0.0
0.25,0.41,0.3298999999999999,0.0330674656790048,-2.07,-1.56,-1.8775,0.1403325196823673,9.95,10.36,10.17885,0.0542576905601834,-0.2,0.01,-0.1142,0.0377955356168266,0.02,0.1,0.0601,0.0116044524464928,-0.02,0.0,-0.01275,0.0052988573718525,0.0
0.23,0.5,0.36985,0.0487169808291269,-2.06,-1.34,-1.7028,0.1943166353503203,10.03,10.45,10.21145,0.0584334651483739,-0.21,0.01,-0.10135,0.0505415645656495,0.01,0.09,0.05685,0.0152887615965381,-0.03,0.0,-0.0120499999999999,0.0053328883817742,0.0
0.26,0.44,0.34575,0.034748739176722,-2.04,-1.53,-1.862,0.1365990354373414,9.96,10.36,10.18095,0.0528732009328395,-0.2,0.02,-0.1094,0.03957868570088,0.02,0.1,0.0593,0.0123804839125757,-0.02,0.0,-0.0123,0.0052772385042895,0.0
0.27,0.45,0.35485,0.0404618748525437,-2.06,-1.47,-1.7861000000000002,0.1577090699794049,9.94,10.42,10.19535,0.0545412802955835,-0.23,0.0,-0.11035,0.0454610938636146,0.03,0.1,0.0594,0.0139143106261505,-0.02,0.0,-0.0123,0.0049833894945379,0.0
0.23,0.5,0.3485499999999999,0.0454170788941382,-2.01,-1.3,-1.77445,0.1943516408510809,9.96,10.41,10.1998,0.059308917868171,-0.21,0.03,-0.0993,0.0451853803012083,0.01,0.1,0.05705,0.0142058626159524,-0.02,0.0,-0.0116,0.0053462991473414,0.0
0.18,0.43,0.29065,0.0446322494217153,-1.73,-1.18,-1.45385,0.1505623545680172,10.02,10.43,10.2548,0.0556998416677196,-0.21,0.01,-0.1127499999999999,0.0415036173273641,0.01,0.11,0.061,0.0140351317992783,-0.02,0.0,-0.0124,0.0052322924633577,0.0
0.69,0.9,0.8129499999999998,0.0339049439776952,-1.22,-1.02,-1.1125,0.0345356854259357,10.13,10.55,10.3027,0.0583931399564182,-0.19,-0.03,-0.1087,0.0222211362102022,0.03,0.1,0.05835,0.0108797677702085,-0.03,0.0,-0.012,0.0053986784163548,1.0
0.22,0.96,0.65155,0.1634277843682572,-1.83,-0.64,-0.98395,0.2496206116264114,9.95,10.65,10.31695,0.0980164969193538,-0.37,0.0,-0.12605,0.0542365700209571,0.03,0.13,0.06385,0.0212351633100388,-0.05,0.01,-0.0144,0.0086029094061983,1.0
0.85,1.04,0.95315,0.0323078393336982,-0.84,-0.55,-0.6944,0.0613879663456959,10.13,10.6,10.33615,0.0571665775426489,-0.17,0.0,-0.10325,0.0223255380280343,0.02,0.1,0.05665,0.0122074818478393,-0.02,0.0,-0.0107,0.0036848187807864,1.0
0.92,1.08,1.00785,0.0265783661600688,-0.71,-0.31,-0.5197999999999999,0.0810047458129528,10.13,10.6,10.34915,0.0654614658985569,-0.18,-0.01,-0.10265,0.0240701967557246,0.02,0.1,0.05855,0.0126965947240958,-0.02,0.0,-0.01075,0.0036058996884015,1.0
0.94,1.1,1.0149,0.0263907628121857,-0.48,-0.25,-0.37295,0.039428040171416,10.15,10.62,10.3581,0.0640696072476203,-0.17,-0.02,-0.1063,0.0231731520271708,0.01,0.1,0.0588,0.0114549587691099,-0.02,0.0,-0.0108,0.0035245014615919,1.0
0.95,1.09,1.0126,0.0240861101782248,-0.45,-0.2,-0.3395,0.0381316154981992,10.12,10.67,10.35475,0.0646127816905366,-0.17,-0.02,-0.10795,0.0228012496351542,0.01,0.11,0.05865,0.0118481811677963,-0.02,0.0,-0.0109499999999999,0.003263549259448,1.0
0.92,1.07,1.0031,0.0244618459963212,-0.41,-0.21,-0.326,0.0358668671729776,10.15,10.65,10.3608,0.0652429552984872,-0.18,-0.03,-0.1063,0.0229990168022319,0.02,0.1,0.05825,0.0117099579665295,-0.02,0.0,-0.01095,0.0036967322253212,1.0
0.71,1.07,0.90765,0.0741109958001676,-0.92,-0.22,-0.50015,0.1582488260770798,10.13,10.64,10.349099999999998,0.0676317994844698,-0.28,0.04,-0.11405,0.0468837705362793,0.02,0.1,0.06035,0.0148485655703669,-0.06,0.0,-0.0127,0.0078112147183958,1.0
0.8,0.95,0.8904500000000002,0.023474513068839,-0.61,-0.36,-0.48715,0.0404792582906208,10.19,10.66,10.35445,0.0554986305231917,-0.18,-0.03,-0.106,0.0194135113287254,0.03,0.11,0.0585,0.0117233606926362,-0.02,0.0,-0.01095,0.0036967322253212,1.0
0.81,0.97,0.90325,0.0230345491004557,-0.57,-0.37,-0.47465,0.0327143491944449,10.14,10.62,10.35485,0.0573184483618761,-0.18,-0.02,-0.10695,0.0201301668669301,0.02,0.1,0.05905,0.0112797902614236,-0.02,0.0,-0.01075,0.0036058996884015,1.0
0.84,0.99,0.91325,0.0295006600726766,-0.56,-0.35,-0.46525,0.0366421990847826,10.17,10.66,10.35465,0.0620655958720673,-0.19,-0.03,-0.10575,0.02195100757752,0.01,0.1,0.0587,0.0119172186563187,-0.02,0.0,-0.01145,0.0046373510893211,1.0
0.72,0.88,0.8073,0.0299028577985886,-1.26,-1.05,-1.1656,0.037344518544582,10.08,10.48,10.29445,0.0556613729817282,-0.2,-0.01,-0.1079,0.022741501256447,0.03,0.1,0.05905,0.01096350730662,-0.02,0.0,-0.0110999999999999,0.0046796898922297,1.0
0.77,1.01,0.90845,0.0366855098528809,-0.5,-0.14,-0.3646000000000001,0.0851474629819427,10.13,10.69,10.361,0.0604838115307429,-0.18,-0.03,-0.1031,0.0227812406295863,0.02,0.1,0.05945,0.0125693053581305,-0.04,0.0,-0.0125,0.0052810460361732,1.0
0.85,0.99,0.9204,0.0227027990659111,-0.31,-0.09,-0.1972999999999999,0.0404833857602481,10.1,10.65,10.36685,0.0667747846068894,-0.18,-0.03,-0.10575,0.0222691958864063,0.02,0.11,0.05945,0.0125292622312848,-0.02,0.0,-0.01125,0.0036058996884015,1.0
0.86,0.99,0.92595,0.0231468438865765,-0.28,0.0,-0.1119,0.0458135833799382,10.1,10.73,10.3669,0.0669312254835037,-0.18,0.0,-0.10605,0.0226375749362641,0.02,0.12,0.0587,0.0126931311302391,-0.02,-0.01,-0.0110499999999999,0.0030732269063787,1.0
0.36,0.98,0.6221000000000001,0.1901799993711326,-1.2,-0.05,-0.70345,0.3455599163370869,10.13,10.56,10.3377,0.0725951809799213,-0.34,-0.02,-0.11475,0.0509895791895721,0.02,0.15,0.0636,0.0219876621411227,-0.02,0.0,-0.01085,0.0050898953993062,1.0
0.46,0.63,0.5371,0.0267988974497573,-0.86,-0.59,-0.72515,0.0546342567447407,10.1,10.63,10.34385,0.0568845917970727,-0.17,-0.01,-0.1042,0.021108954017158,0.02,0.1,0.0585,0.0121029918640103,-0.02,0.0,-0.01125,0.0041258469512727,1.0
0.46,0.6,0.532,0.0277823558483151,-0.84,-0.59,-0.7203999999999999,0.0416957151673476,10.07,10.62,10.34475,0.060922040140448,-0.17,-0.01,-0.1086,0.0213851965893659,0.03,0.11,0.05875,0.0123164921913464,-0.02,0.0,-0.0105,0.0037174044005713,1.0
0.3,0.58,0.4796,0.0422821344597498,-1.11,-0.71,-0.8249,0.0792552647142423,10.02,10.57,10.33705,0.0671067364006905,-0.31,0.05,-0.1108,0.0512983195430386,-0.02,0.18,0.06095,0.0258833389689372,-0.03,0.0,-0.01145,0.0051507427380688,1.0
0.4,0.54,0.46735,0.0267028596515024,-1.01,-0.79,-0.8818,0.0412707690976258,10.1,10.6,10.3331,0.058836200527076,-0.17,0.0,-0.10625,0.0227822883687434,0.03,0.09,0.0579,0.0107782584062248,-0.02,0.0,-0.0112,0.0040796097951154,1.0
0.71,0.86,0.7957500000000001,0.0265132469023794,-1.28,-1.09,-1.1769999999999998,0.0316227766016838,10.11,10.54,10.29335,0.0591249209843619,-0.19,-0.01,-0.1076,0.0229537441795297,0.03,0.1,0.059,0.0110276035565758,-0.02,0.0,-0.0110999999999999,0.0045710471843778,1.0
0.67,0.86,0.76,0.0394815649366795,-1.42,-1.1,-1.2441000000000002,0.0647312961674458,10.07,10.53,10.2884,0.0596340599450317,-0.19,0.0,-0.11115,0.0234505252751061,0.02,0.1,0.06045,0.0120425334986175,-0.02,0.0,-0.0114,0.004812045188324,1.0
0.61,0.8,0.70265,0.0305144746936457,-1.54,-1.25,-1.4083499999999998,0.0580657875034168,10.03,10.5,10.263699999999998,0.0647943015051299,-0.2,-0.01,-0.10695,0.0294880522607149,0.0,0.1,0.05855,0.0137236728312758,-0.03,0.0,-0.0125499999999999,0.0050122964375512,1.0
0.54,0.77,0.6992499999999999,0.0297550721996778,-1.59,-1.22,-1.39255,0.0478901328471805,9.72,10.44,10.2598,0.0736483564107852,-0.34,-0.04,-0.11165,0.0360593801176942,0.03,0.18,0.06225,0.0212057994343113,-0.05,-0.01,-0.0130999999999999,0.0067541165560168,1.0
0.44,0.88,0.71375,0.0570148310071499,-2.06,-0.54,-0.7297999999999999,0.2902484813130339,9.92,10.73,10.34805,0.1054003971462772,-0.32,0.3,-0.08795,0.0799201705975513,-0.14,0.17,0.05385,0.0335305680681803,-0.05,0.07,-0.0095,0.0122679465503732,1.0
0.65,0.8,0.73305,0.0289202247049521,-0.78,-0.52,-0.6542,0.0457693584273831,10.08,10.64,10.3486,0.0686191147900704,-0.19,-0.02,-0.1091,0.023257138094826,0.03,0.11,0.05895,0.0133900698224186,-0.02,0.0,-0.0113999999999999,0.0042580104821772,1.0
0.6,0.81,0.7256,0.0375591995034064,-0.92,-0.61,-0.7312000000000001,0.0461868610175368,10.07,10.68,10.3423,0.0749988944642137,-0.26,-0.01,-0.1069,0.0335262591150766,0.02,0.21,0.0595,0.0201189927517938,-0.03,0.0,-0.0113,0.0044053416639211,1.0
-0.29,0.14,-0.06825,0.1030121108165169,-1.41,-0.4,-0.8677000000000001,0.2775733141417202,10.02,10.53,10.2907,0.089338777053568,-0.28,0.12,-0.1105999999999999,0.0755724551665453,0.0,0.17,0.0604,0.0313809467526949,-0.02,0.01,-0.0118,0.0066317342752471,0.0
-0.39,0.15,-0.1095499999999999,0.14992895302367,-1.39,-0.28,-0.8658,0.3246650535319818,10.02,10.5,10.28935,0.086315289177113,-0.26,0.11,-0.09375,0.0692344171825911,-0.02,0.13,0.0505,0.0314754430880319,-0.34,0.01,-0.01395,0.0239114257501938,0.0
-0.15,0.21,0.0245,0.0974176626953507,-1.5,-0.84,-1.19775,0.2003174302558856,10.07,10.47,10.269,0.0709518911254052,-0.23,0.01,-0.09995,0.0480524995558799,0.01,0.11,0.05435,0.0228074196690418,-0.02,0.0,-0.0115,0.0059097058400209,0.0
-1.06,1.05,-0.8754500000000001,0.163008146357458,-2.08,-1.35,-1.72655,0.2025629686823508,9.9,10.28,10.09505,0.069622077449195,-0.2,0.06,-0.1018,0.0505125488165039,0.0,0.11,0.05545,0.0234852139948076,-0.04,0.05,-0.0111,0.0125530032043027,0.0
-1.24,-0.51,-0.8895499999999998,0.0946471760788376,-2.37,-1.33,-1.6977000000000002,0.181755012096257,9.65,10.36,10.10105,0.0825498022362635,-0.28,0.12,-0.11145,0.0555773488801212,-0.08,0.21,0.0612,0.0411097318192573,-0.07,0.09,-0.0126,0.0192115961631426,0.0
-1.06,-0.69,-0.8917499999999999,0.0825622195710756,-1.81,-1.11,-1.444,0.1750175870559712,9.98,10.3,10.1462,0.0587008427939805,-0.21,0.03,-0.1052499999999999,0.045522510859737,0.01,0.12,0.0576,0.0223997487423094,-0.03,0.01,-0.0115999999999999,0.0073286112404443,0.0
-1.1,-0.82,-0.9779,0.0688643703778499,-1.84,-1.33,-1.6501500000000002,0.1474625495425463,9.94,10.24,10.0966,0.0522887229980214,-0.19,-0.04,-0.11015,0.0346624425657384,0.02,0.1,0.05925,0.0180434289045393,-0.97,0.0,-0.0176,0.0680322122934991,0.0
-0.24,0.14,-0.04855,0.1069325504781345,-1.34,-0.35,-0.8571500000000001,0.3064554653800557,10.07,10.57,10.29325,0.07749169188731,-0.25,0.07,-0.1252499999999999,0.0642305638044161,0.02,0.11,0.0647,0.0230993049559339,-0.02,0.0,-0.01345,0.0058108804546549,0.0
-1.09,-0.81,-0.95155,0.0636028625189387,-1.92,-1.36,-1.6157,0.1450229924588116,9.94,10.24,10.11145,0.0546657040197957,-0.21,0.01,-0.1077999999999999,0.0365216257268025,0.01,0.11,0.05765,0.017988759751215,-0.03,0.01,-0.0124999999999999,0.006780847992507,0.0
-1.09,-0.84,-0.9722,0.0548287420498945,-1.9,-1.44,-1.69035,0.1268575646484777,9.92,10.22,10.0929,0.0527017778346677,-0.2,0.01,-0.1042,0.0332095524188342,0.01,0.09,0.0567,0.0166582558341858,-0.03,0.01,-0.01165,0.006401750702761,0.0
-1.11,-0.82,-0.96635,0.068861360244141,-1.93,-1.38,-1.67765,0.1429937535972784,9.95,10.22,10.0912,0.057349847646926,-0.2,0.02,-0.1134,0.0341507153187736,0.0,0.11,0.06105,0.018222452879476,-0.02,0.0,-0.0124,0.0061177721172328,0.0
-1.13,-0.86,-1.01345,0.0630194793208365,-2.01,-1.45,-1.75835,0.137364926802943,9.9,10.23,10.07215,0.0568598515084927,-0.2,0.03,-0.1023,0.0352836318052271,-0.01,0.1,0.0557,0.0185263631253753,-0.02,0.01,-0.0116999999999999,0.0065822969521155,0.0
-1.16,-0.89,-1.0306,0.064920825378604,-2.03,-1.46,-1.7736500000000002,0.1368165609741156,9.89,10.21,10.06915,0.0561295835612003,-0.2,-0.03,-0.1144,0.03409475416111,0.02,0.11,0.06195,0.0172972098136284,-0.03,0.01,-0.0124,0.0065922140766331,0.0
-0.38,0.68,-0.06765,0.1564203122051345,-1.69,-0.6,-1.3082,0.2143536738370424,10.02,10.47,10.25135,0.0771715930499646,-0.36,0.07,-0.1083,0.0592338861322778,0.0,0.2,0.0619,0.0334512320344575,-0.09,0.08,-0.0117499999999999,0.0137981682565542,0.0
-1.15,-0.87,-1.00965,0.0673577227500333,-1.99,-1.46,-1.7345499999999998,0.1432845063108489,9.93,10.23,10.077100000000002,0.0602556530011331,-0.2,0.04,-0.1055499999999999,0.0390553980981248,-0.01,0.11,0.05685,0.0195058939681699,-0.03,0.01,-0.01205,0.0063639610306789,0.0
-1.15,1.02,-1.0299,0.1590423286787444,-2.03,-1.49,-1.8123,0.1369213176834816,9.87,10.18,10.0575,0.0582987454289795,-0.2,-0.01,-0.106,0.0356842659189012,0.01,0.1,0.0577,0.0174422233611112,-0.2,0.01,-0.0126,0.0149787118620135,0.0
-1.16,-0.89,-1.0233,0.0662044192303515,-2.05,-1.51,-1.7928499999999996,0.1465769473946626,9.87,10.2,10.0642,0.0602537348453527,-0.2,0.02,-0.1128999999999999,0.036389710843539,-0.01,0.1,0.06,0.01853964921364,-0.03,0.01,-0.0125,0.0068545550273606,0.0
-1.16,-0.9,-1.0534,0.0627465188527674,-2.1,-1.58,-1.8783,0.1336691708516997,9.89,10.19,10.0445,0.0570352090850632,-0.2,0.02,-0.1015,0.0338151938732194,0.0,0.1,0.0549,0.0165638705937116,-0.03,0.01,-0.01165,0.0067083912052603,0.0
-1.16,-0.91,-1.0495,0.0645490736926012,-2.1,-1.59,-1.8865,0.1337129228184142,9.89,10.18,10.04155,0.0540899817956454,-0.2,-0.02,-0.11525,0.032016602163102,0.01,0.1,0.0616,0.0163639510654475,-0.03,0.01,-0.01265,0.0065338315538334,0.0
-0.24,0.38,0.02735,0.134023464157302,-1.54,-0.39,-0.9447,0.3353283997492487,9.97,10.61,10.28595,0.0978466521485708,-0.27,0.16,-0.10485,0.0840254657498092,-0.02,0.15,0.05175,0.031213923899858,-0.06,0.06,-0.01365,0.0176844905504837,0.0
-1.17,-0.77,-1.00705,0.0973095227409959,-2.12,-1.39,-1.8147500000000003,0.1946338851439572,9.87,10.24,10.05945,0.0689635946491674,-0.2,0.06,-0.0969999999999999,0.0421531069093436,-0.01,0.1,0.0528,0.0200040196965535,-0.03,0.01,-0.0114,0.0074375118766004,0.0
-1.03,-0.68,-0.87795,0.0877255742751767,-2.04,-1.37,-1.7836499999999995,0.1812136014396647,9.88,10.26,10.0862,0.0667294846421206,-0.22,0.03,-0.11515,0.042461658732456,-0.01,0.24,0.05965,0.0236043071616795,-0.03,0.01,-0.01295,0.0081319210955049,0.0
-0.92,-0.63,-0.7853,0.0789370972777259,-2.06,-1.38,-1.7148,0.1808938165452915,9.89,10.28,10.1163,0.0664029877635005,-0.21,0.06,-0.1029499999999999,0.0469662286453343,0.0,0.11,0.05535,0.0209060473086222,-0.02,0.01,-0.01195,0.006702395881531,0.0
-0.99,-0.29,-0.83195,0.0763994889351214,-2.17,-1.55,-1.86905,0.1213143990509181,8.39,10.25,10.0709,0.1342733655026829,-0.19,0.08,-0.10815,0.0403760899941547,-0.06,0.27,0.0613,0.0279322583275391,-0.2,0.04,-0.0124,0.016842158159134,0.0
-0.39,0.0,-0.2078,0.1030546520373178,-1.77,-0.98,-1.4195999999999998,0.2311188430180238,10.01,10.42,10.22355,0.0746845796142738,-0.23,0.04,-0.12035,0.0542039467123564,0.0,0.11,0.06445,0.0245092024559169,-0.03,0.0,-0.01185,0.006502995057942,0.0
-1.08,-0.56,-0.84155,0.0813831282750865,-2.26,-1.35,-1.60935,0.1696288514262267,9.93,10.37,10.1246,0.0643860842045545,-0.26,0.09,-0.1065,0.0591799062734359,-0.1,0.2,0.05825,0.0404924150723559,-0.09,0.08,-0.01305,0.0163871962521056,0.0
-1.03,-0.72,-0.9138,0.0704940212725581,-2.06,-1.36,-1.76195,0.1722266168096222,9.38,10.27,10.08565,0.0811263516042913,-0.23,0.01,-0.10905,0.0453085180627796,-0.06,0.21,0.05865,0.0330018653348244,-1.22,0.03,-0.0186499999999999,0.0860856036499651,0.0
-1.03,-0.75,-0.8928999999999999,0.0664126736103915,-2.1,-1.55,-1.8237,0.1484503199303968,9.91,10.23,10.076249999999998,0.0606450874611112,-0.2,0.03,-0.1112,0.0396537780110894,0.0,0.1,0.05935,0.0194155172879269,-0.03,0.01,-0.01225,0.0071899916480825,0.0
-1.0,-0.71,-0.8602000000000001,0.0756211132146247,-2.05,-1.39,-1.7801000000000002,0.1668989704331883,9.9,10.25,10.0898,0.0627106300046323,-0.21,0.05,-0.0991,0.0394457836688058,-0.01,0.1,0.05325,0.0184564542509548,-0.03,0.03,-0.0108,0.0083491641925145,0.0
-1.31,-0.34,-0.7754499999999999,0.1820646455956768,-2.37,-0.31,-1.4075,0.4331046619943106,9.81,10.67,10.16345,0.1440567919137533,-0.37,0.32,-0.092,0.1002509414234171,-0.14,0.25,0.05645,0.0603831776300611,-0.13,0.11,-0.0046999999999999,0.0382258561761801,0.0
-1.01,1.0,-0.2986499999999999,0.2446896865696791,-4.21,0.45,-1.2576884422110552,0.3728645371278435,8.57,10.78,10.23608040201005,0.1857301006044648,-0.47,0.4,-0.1198994974874371,0.1040152958339444,-0.52,0.34,0.0510050251256281,0.0906708720887124,-0.12,0.15,-0.0216582914572864,0.0352589815063356,0.0
-0.11,0.27,0.0617999999999999,0.1088577514477092,-1.47,-0.53,-1.08215,0.2847265769437241,9.99,10.51,10.274,0.0830692633442888,-0.25,0.08,-0.12115,0.0665758153985356,0.01,0.11,0.0633,0.0251849440546366,-0.02,0.0,-0.0131,0.0055265462603545,0.0
-0.52,-0.05,-0.30745,0.1019951595067828,-1.95,-1.13,-1.6094000000000002,0.2058946405690915,10.0,10.35,10.185200000000002,0.0636807363407846,-0.22,0.06,-0.0971,0.0484492170542087,0.0,0.12,0.05395,0.0253001579036524,-0.08,0.03,-0.0127,0.0133265895843516,0.0
-0.47,-0.1,-0.29715,0.0927219732404786,-1.83,-1.16,-1.5528500000000005,0.1970265841818607,9.99,10.4,10.19535,0.0658143994569531,-0.24,-0.02,-0.11865,0.0448411770115247,0.01,0.11,0.06365,0.0210330560603108,-0.02,0.0,-0.0127,0.0060740820180344,0.0
-0.43,-0.18,-0.3179,0.0648197345717317,-1.82,-1.27,-1.59255,0.1420665761546378,9.96,10.35,10.1867,0.0543773341785142,-0.2,-0.01,-0.10675,0.0392509962105115,0.02,0.11,0.05835,0.0186686930582328,-0.03,0.03,-0.01125,0.0064921676816014,0.0
-0.45,-0.21,-0.3572999999999999,0.0486987457661486,-1.84,-1.48,-1.6789,0.0981936861514018,10.01,10.32,10.1677,0.0525788233352229,-0.18,-0.01,-0.10725,0.0308821312436618,0.02,0.1,0.05735,0.0147500958177621,-0.02,0.0,-0.0116999999999999,0.005315191086067,0.0
-0.46,-0.19,-0.3448999999999999,0.0568696826439193,-2.01,-1.46,-1.6733999999999998,0.1210649561933198,9.97,10.31,10.16975,0.0598359356572611,-0.17,0.0,-0.10295,0.0314921622218455,0.01,0.09,0.05595,0.0147712031402677,-0.02,0.06,-0.01075,0.0074305832771859,0.0
-0.45,-0.23,-0.35365,0.0550758043164648,-1.89,-1.45,-1.69865,0.11386175828609,9.97,10.31,10.1652,0.0533873679373349,-0.19,-0.01,-0.1143,0.0294933771630583,0.02,0.1,0.0619,0.0133897883538465,-0.02,0.0,-0.0122,0.0052246035650621,0.0
-0.11,0.27,0.0605999999999999,0.1099458066595086,-1.47,-0.54,-1.0746,0.2897284120755489,9.99,10.51,10.277550000000002,0.0821415465421835,-0.28,0.12,-0.0991,0.0723488894803868,0.0,0.14,0.05465,0.0286703232835963,-0.02,0.01,-0.01175,0.0054392487657468,0.0
-0.51,0.11,-0.3108999999999999,0.0818700404152089,-2.01,-0.94,-1.65055,0.1458235924002097,10.0,10.45,10.18035,0.0680775311777409,-0.25,0.11,-0.09665,0.0409102154558395,-0.08,0.24,0.05165,0.0277783310944332,-0.05,0.11,-0.01005,0.0157715315055371,0.0
-0.3,0.02,-0.1488,0.0790875095754966,-1.68,-1.05,-1.3951000000000002,0.1853693582957412,10.03,10.41,10.23155,0.0655866261339779,-0.23,0.07,-0.10615,0.0556160338039346,0.0,0.11,0.05725,0.0238491384967083,-0.03,0.0,-0.0125,0.0056488536658948,0.0
-0.48,0.13,-0.15725,0.1586213768885838,-1.77,-0.74,-1.34085,0.2630680548974689,9.87,10.63,10.23855,0.0929440178401025,-0.31,0.06,-0.1139,0.06635362853756,-0.04,0.2,0.06215,0.0413451886332083,-0.06,0.04,-0.0105499999999999,0.0162021619005383,0.0
-0.38,-0.03,-0.2056499999999999,0.0711751855296203,-1.8,-0.98,-1.42545,0.1870796393445487,10.03,10.4,10.22455,0.0640963274765403,-0.22,0.07,-0.10745,0.0549279793417968,-0.01,0.11,0.0576,0.021693154791872,-0.04,0.01,-0.01275,0.0083838502326567,0.0
-0.11,0.27,0.08535,0.0936736422708192,-1.48,-0.6,-1.0212,0.2561829591185049,10.02,10.52,10.285149999999998,0.0795399934169209,-0.26,0.04,-0.1120999999999999,0.0659037672114676,0.01,0.11,0.0583499999999999,0.0252381122819791,-0.02,0.0,-0.0123999999999999,0.0056922763504815,0.0
-0.36,0.01,-0.1838,0.0867709976325658,-1.7,-0.98,-1.392,0.1905242700745424,9.77,10.51,10.2298,0.0884481507827293,-0.31,0.07,-0.10685,0.0603138983291437,-0.01,0.19,0.05765,0.0271229751114156,-0.05,0.02,-0.0123,0.0081265122288116,0.0
-0.33,-0.03,-0.1838499999999999,0.0783541598886702,-1.74,-1.12,-1.4374,0.1829387134105889,10.02,10.41,10.22145,0.0653356044284443,-0.22,0.05,-0.11255,0.0487738860436504,0.0,0.1,0.0606,0.0204629828798664,-0.02,0.0,-0.0122,0.0054135508368645,0.0
-0.33,-0.04,-0.19375,0.0768960500452579,-1.75,-1.13,-1.4545499999999998,0.1753096255889008,10.0,10.37,10.21845,0.0582413752322584,-0.19,0.02,-0.1014,0.0432828723073674,0.01,0.1,0.0553,0.0188863301712292,-0.02,0.0,-0.0116999999999999,0.0049225151882847,0.0
-0.33,2.0,-0.20075,0.1714611680842167,-1.75,-1.23,-1.4919597989949749,0.1584510834625766,9.99,10.4,10.213417085427135,0.0619741059445312,-0.21,0.06,-0.1032663316582914,0.042851451445905,0.0,0.1,0.0567336683417085,0.0191981802091758,-0.03,0.0,-0.0109045226130653,0.0045155097084954,0.0
-0.34,-0.06,-0.21345,0.0676125341476663,-1.73,-1.09,-1.46875,0.1541354149138129,9.98,10.46,10.21375,0.0727937645736502,-0.29,0.06,-0.1107,0.0511526437715991,-0.04,0.13,0.0598,0.0262565617546524,-0.5,0.03,-0.0144499999999999,0.0370209434139148,0.0
-0.56,0.34,-0.2096,0.1288910567984182,-1.62,-0.05,-1.194,0.4085997660843936,9.6,10.99,10.2548,0.1637222798663124,-0.61,0.38,-0.08975,0.1114068892612767,-0.13,0.27,0.0505,0.0474023725632284,-0.06,0.13,-0.00845,0.0258542007900546,0.0
-0.34,-0.05,-0.19115,0.0767897180879061,-1.71,-1.1,-1.4394,0.1795349660096898,10.04,10.39,10.22425,0.0606285129531854,-0.25,0.0,-0.1111,0.0488129441602116,0.02,0.11,0.0592,0.0212276486056895,-0.05,0.0,-0.0119,0.0056167373708824,0.0
-0.11,0.51,0.0971,0.1131263801659331,-1.48,-0.48,-0.9976,0.3004473047217645,10.0,10.58,10.28765,0.0876148349110036,-0.24,0.17,-0.0939499999999999,0.0647755886458943,-0.01,0.13,0.0542,0.0268881920993557,-0.03,0.01,-0.0113,0.0062050392877736,0.0
-1.09,0.92,-0.19755,0.2216328112330739,-1.79,-0.59,-1.1488,0.324946938072686,9.88,10.54,10.2481,0.1025719014880506,-0.35,0.13,-0.1174,0.0975181467457396,-0.2,0.28,0.0656,0.0867830425971114,-0.12,0.07,-0.0139,0.020392874901143,0.0
-0.99,0.41,-0.1023,0.2560812331857798,-2.65,-0.18,-1.1997989949748744,0.4600372841708242,9.83,10.55,10.243266331658292,0.1207965332556208,-0.51,0.46,-0.1034673366834171,0.1537791203873703,-0.33,0.36,0.0513065326633165,0.0998246012649929,-0.08,0.1,-0.0104522613065326,0.0234261461975449,0.0
-0.15,0.59,0.0825999999999999,0.119602524300683,-1.51,-0.39,-0.9379,0.2827957872501501,10.05,10.6,10.29785,0.0845257386984139,-0.25,0.1,-0.1135,0.0708508944631693,0.0,0.13,0.0591,0.029058769077535,-0.08,0.1,-0.0121,0.0147539280179821,0.0
-0.13,0.31,0.0863,0.1128894598744885,-1.48,-0.42,-0.975,0.3048452939875104,10.02,10.52,10.2885,0.0808171209285253,-0.25,0.15,-0.1146,0.0786943709556185,0.0,0.11,0.0598,0.0298229280114458,-0.02,0.0,-0.0128,0.0059444666217487,0.0
-0.12,0.23,0.05495,0.0957645642124161,-1.44,-0.65,-1.0371499999999998,0.2520217297403272,10.01,10.52,10.280949999999995,0.084041133145035,-0.26,0.13,-0.10185,0.0651251404574146,0.01,0.1,0.0552999999999999,0.0230993049559339,-0.02,0.0,-0.0118999999999999,0.0054348586404994,0.0
-0.12,0.23,0.0689,0.1097955615069806,-1.45,-0.55,-1.01925,0.2743030226614465,10.02,10.55,10.28585,0.0892530561952979,-0.22,0.12,-0.11395,0.0595029453263665,-0.01,0.1,0.06055,0.0218076907737711,-0.02,0.0,-0.0128499999999999,0.0055254095552971,0.0
-0.34,0.12,-0.07885,0.1150013218189273,-1.3,-0.29,-0.86495,0.30469689609916,10.05,10.51,10.29315,0.0777870918487859,-0.24,0.1,-0.1253999999999999,0.0655693273064249,0.0,0.12,0.0629,0.0255510131180112,-0.02,0.0,-0.0138,0.0057204561086029,0.0
-0.1,0.3,0.08695,0.1095500046443994,-1.43,-0.43,-0.99615,0.2799042864047256,10.01,10.52,10.289099999999998,0.0778620736466915,-0.27,0.12,-0.11035,0.0748625373433698,0.01,0.11,0.0593999999999999,0.0288060574310962,-0.02,0.01,-0.01245,0.0060564762463509,0.0
-0.78,0.6,-0.0365,0.2149272402301877,-1.58,0.23,-0.9986,0.4128112226280169,9.61,10.87,10.284299999999998,0.137041643525979,-0.47,0.57,-0.1230999999999999,0.1298293816580381,-0.11,0.34,0.06335,0.0590313561171105,-0.15,0.11,-0.014,0.0487739118008983,0.0
-0.1,0.29,0.1079,0.1032613408910278,-1.46,-0.6,-1.01695,0.2521808346540913,10.07,10.5,10.29045,0.0731646281619086,-0.24,0.08,-0.1024499999999999,0.0634319759891606,0.01,0.11,0.0547499999999999,0.0250614821877564,-0.02,0.0,-0.0123499999999999,0.0051096027439523,0.0
-0.7,0.53,-0.0267,0.2366009510763878,-2.45,-0.39,-1.2516,0.3862270012342638,9.73,10.49,10.245549999999998,0.1150035940010825,-0.47,0.3,-0.11135,0.1273253163393067,-0.21,0.36,0.0612,0.0835792285031749,-0.12,0.1,-0.0134999999999999,0.0278501012691788,0.0
-1.3,0.99,0.02665,0.2189474076957373,-2.23,-0.34,-1.1744,0.314645273667357,9.8,10.56,10.26625,0.1012456959814779,-0.44,0.21,-0.09775,0.1177060366135755,-0.16,0.25,0.052,0.0728942236339477,-0.14,0.14,-0.01155,0.0372293921276047,0.0
-0.08,0.29,0.08445,0.0971332685504636,-1.51,-0.6,-1.0987,0.2554123870081205,10.04,10.5,10.27915,0.0741706405500046,-0.25,0.06,-0.1155,0.0643853817798316,0.02,0.11,0.0609,0.024885466283773,-0.02,0.0,-0.01265,0.0060548165967352,0.0
-0.07,0.25,0.0928,0.0877534233895345,-1.45,-0.68,-1.08955,0.2284144551392991,10.02,10.51,10.28,0.070958973212674,-0.22,0.06,-0.11485,0.0574235563520808,0.01,0.11,0.06075,0.0223705095715869,-0.02,0.0,-0.01245,0.0047550554953458,0.0
-0.04,0.2,0.10045,0.0457576915027221,-1.37,-0.79,-1.04245,0.1211066953487356,10.01,10.51,10.28875,0.0718173108007621,-0.22,0.08,-0.10365,0.0442034753857759,0.02,0.1,0.05635,0.016232528295813,-0.02,0.0,-0.01165,0.0046783474297412,0.0
0.01,0.23,0.1119,0.0532311730938246,-1.22,-0.76,-1.014,0.1346127891958092,10.05,10.49,10.292599999999998,0.0681207913272833,-0.21,0.04,-0.10955,0.0434249482515899,0.02,0.1,0.0578,0.0168099037570596,-0.02,0.0,-0.012,0.0047021859558953,0.0
-0.03,0.23,0.09535,0.0661191060201552,-1.37,-0.73,-1.05665,0.1705364798357637,10.03,10.46,10.2893,0.066047873607257,-0.21,0.01,-0.1071,0.0503314641293797,0.02,0.1,0.0581,0.0204568426708595,-0.02,0.0,-0.0123499999999999,0.0053026493804758,0.0
-0.1,0.32,0.12755,0.1205785779785807,-1.53,-0.54,-0.9772,0.2975581696435304,10.0,10.53,10.29245,0.0873478432970339,-0.23,0.11,-0.1009999999999999,0.0648306646223597,0.0,0.11,0.0542999999999999,0.0252526927764607,-0.03,0.01,-0.0115499999999999,0.0061878061317092,0.0
-0.23,0.11,-0.0461999999999999,0.0846842198135351,-1.36,-0.42,-0.8711,0.2640309674238875,10.06,10.54,10.29145,0.0755375875685634,-0.25,0.11,-0.1082999999999999,0.0720629958916809,0.01,0.11,0.05755,0.0243404970983539,-0.02,0.01,-0.0123,0.005464366064093,0.0
-0.18,0.18,0.01565,0.0952941887633254,-1.51,-0.79,-1.13285,0.1995103994720261,10.02,10.48,10.27975,0.0786470871781532,-0.24,0.08,-0.1057,0.0591268970076118,0.0,0.11,0.0571,0.0271898222164251,-0.03,0.0,-0.0124,0.0069629312836119,0.0
-0.06,0.37,0.12795,0.1075038739514668,-1.41,-0.4,-1.0012,0.2670131835715327,10.0,10.53,10.29395,0.0855187980745789,-0.3,0.14,-0.1135999999999999,0.0798241786521316,-0.03,0.11,0.05975,0.0306944333911872,-0.03,0.04,-0.0127,0.0072783840494892,0.0
-0.02,0.39,0.1748,0.1040291802897571,-1.37,-0.34,-0.9165,0.2643333322771909,9.92,10.57,10.29885,0.0881648609910311,-0.26,0.09,-0.11635,0.0707545655255798,0.0,0.1,0.06045,0.025858087777668,-0.03,0.0,-0.01275,0.0064921676816014,0.0
0.01,0.4,0.20935,0.1091496483212072,-1.36,-0.34,-0.8204499999999999,0.2772972526579704,10.08,10.51,10.3126,0.0712574777879733,-0.24,0.04,-0.1049,0.0745505123689459,0.0,0.11,0.0566499999999999,0.0293356507003006,-0.03,0.0,-0.0121999999999999,0.0056852095863038,0.0
-0.09,0.33,0.11445,0.1037812615613063,-1.46,-0.53,-1.044,0.2651973760073919,10.05,10.51,10.28705,0.0730993507178886,-0.25,0.13,-0.0967,0.0654102630522368,0.01,0.1,0.0541,0.0256804874795228,-0.03,0.0,-0.01165,0.0057395305605316,0.0
0.09,0.41,0.24065,0.0825722007803385,-1.17,-0.24,-0.7844,0.2349503101534578,10.03,10.63,10.3196,0.0900911877519259,-0.3,0.23,-0.1153,0.0828445902316697,-0.03,0.11,0.0604,0.0273234855814848,-0.03,0.0,-0.01175,0.0053460641606746,0.0
-0.03,0.36,0.1632,0.1011479835333573,-1.42,-0.46,-0.97545,0.2751551366887981,9.96,10.6,10.29305,0.0835048670082789,-0.35,0.07,-0.11,0.0709731352671434,-0.01,0.13,0.0582,0.0252775547446612,-0.02,0.0,-0.0119999999999999,0.0049112730544203,0.0
-0.05,0.37,0.124,0.1039375537300011,-1.44,-0.5,-1.07515,0.2699376021328376,10.08,10.49,10.286550000000002,0.068116051576791,-0.26,0.04,-0.10615,0.067494109179019,0.01,0.11,0.0576,0.0268485422528957,-0.02,0.0,-0.01225,0.004955835096887,0.0
-0.08,0.31,0.1301,0.1040486453684769,-1.46,-0.59,-1.0512,0.2670451752571851,10.03,10.48,10.286,0.0744291508245413,-0.24,0.1,-0.1215,0.0599727743925667,0.01,0.11,0.06345,0.0233306471294172,-0.02,0.0,-0.0128,0.0053199161213019,0.0
-0.03,0.35,0.1648,0.1133897977384022,-1.42,-0.45,-0.95875,0.293784759517275,10.05,10.5,10.2978,0.0728815380804002,-0.22,0.09,-0.0985499999999999,0.0705498683173681,0.01,0.11,0.0538999999999999,0.0275606229918427,-0.03,0.0,-0.01215,0.0053872639684098,0.0
-0.06,0.92,0.1445999999999999,0.1129985991819607,-1.9,-0.47,-1.0091,0.2280333000455158,9.99,10.54,10.29035,0.0832165999819916,-0.26,0.12,-0.1137999999999999,0.0593309430568914,-0.01,0.12,0.06045,0.0255058866000827,-0.07,0.05,-0.0127,0.010060620279188,0.0
-0.21,0.2,-0.04885,0.1037109313738535,-1.62,-0.86,-1.30425,0.2087277505971516,10.02,10.46,10.25195,0.0737829051029243,-0.21,0.08,-0.10655,0.0483974074225689,-0.01,0.11,0.057,0.0233608356703282,-0.02,0.01,-0.01215,0.0062508290907373,0.0
-0.27,0.12,-0.08945,0.105006329074626,-1.42,-0.42,-0.96255,0.291569996422935,10.04,10.54,10.2786,0.079147721439377,-0.26,0.13,-0.0959,0.0670572394811639,0.01,0.11,0.0543,0.0236071277882774,-0.02,0.01,-0.01145,0.0054355520538997,0.0
-0.06,0.34,0.1402,0.1157625363583599,-1.48,-0.46,-1.01,0.3003398410143125,10.06,10.5,10.28945,0.0740175009863296,-0.25,0.12,-0.0953,0.0647756856176465,0.01,0.1,0.05315,0.0251543476566209,-0.02,0.0,-0.01145,0.0057061634665979,0.0
-0.06,0.34,0.1127,0.1102838275227393,-1.49,-0.56,-1.07275,0.2772222907568262,10.05,10.52,10.28455,0.0734696293182482,-0.24,0.08,-0.1197,0.0657153141403342,0.02,0.11,0.0631,0.0247883503194099,-0.02,0.0,-0.0129,0.0054533194906714,0.0
-0.12,0.31,0.1056499999999999,0.1054045925977778,-1.59,-0.67,-1.0863,0.2703530355277992,10.06,10.49,10.28125,0.0783365853418125,-0.23,0.09,-0.09855,0.0598775761082812,0.0,0.1,0.0537,0.0231731520271708,-0.02,0.0,-0.01215,0.0050002512499687,0.0
-1.4,1.1,-0.1003999999999999,0.331900027328567,-2.17,1.15,-1.1415,0.3514331748453887,9.62,10.62,10.25965,0.123639846157252,-0.34,0.15,-0.11995,0.0812558308692444,-0.21,0.34,0.074,0.0660363840628823,-0.1,0.09,-0.01025,0.0282742758239151,0.0
-0.57,-0.05,-0.3575,0.1001343318852757,-1.81,0.08,-1.0311,0.2655491891520222,10.0,10.54,10.255349999999998,0.0754942009154299,-0.22,0.11,-0.10685,0.0738025172862616,-0.08,0.12,0.0559,0.0353047038020822,-0.05,0.03,-0.01295,0.0126728253563506,0.0
-1.02,-0.22,-0.4684,0.1188785115254753,-1.71,-0.57,-1.0097999999999998,0.2328908558826835,9.8,10.62,10.255999999999998,0.104217592241729,-0.3,0.17,-0.1144999999999999,0.0715215116812126,-0.19,0.21,0.0648,0.0526194262616051,-0.08,0.05,-0.0134,0.0153170841000052,0.0
-0.9,-0.25,-0.66125,0.1250685741551651,-1.69,-0.79,-1.29815,0.2162705301492907,9.85,10.45,10.1913,0.0840274542356641,-0.32,0.07,-0.11265,0.0652284543453346,-0.06,0.2,0.0613999999999999,0.0387108855919957,-0.05,0.06,-0.0123999999999999,0.0152447371263085,0.0
-1.01,-0.67,-0.86785,0.0772705063771352,-1.85,-1.13,-1.56885,0.1854213658524088,9.95,10.31,10.1252,0.0597815117384016,-0.2,0.03,-0.104,0.046527670483305,-0.01,0.11,0.058,0.0219638808114938,-0.04,0.01,-0.01165,0.0106463243002234,0.0
-1.01,-0.74,-0.8847999999999999,0.0663094617955694,-1.81,-1.2,-1.5222,0.1793964196322892,9.96,10.28,10.1282,0.0569471234951499,-0.2,0.0,-0.11685,0.0398057784749902,0.0,0.12,0.06175,0.0186055997406303,-0.03,0.01,-0.01405,0.008512332171325,0.0
-0.15,0.29,0.07185,0.118347404028145,-1.54,-0.65,-1.0748,0.2496026188498097,10.03,10.5,10.28435,0.07687082096334,-0.23,0.11,-0.10585,0.0627211865016989,-0.01,0.11,0.0576,0.0294034490165754,-0.03,0.01,-0.0128499999999999,0.0068271921581144,0.0
-1.28,0.05,-0.8571500000000001,0.1602616500676692,-2.01,-1.1,-1.514,0.2081287772983315,9.93,10.36,10.1325,0.0806179026715268,-0.21,0.39,-0.0951999999999999,0.0554828960923451,-0.19,0.17,0.0505,0.0411487069104487,-0.07,0.12,-0.0098999999999999,0.016503083311732,0.0
-0.25,0.08,-0.08445,0.099459329836156,-1.36,-0.41,-0.9286,0.2963429359346903,10.05,10.55,10.28535,0.0751004519922965,-0.26,0.1,-0.125,0.0636257904157594,0.02,0.11,0.0628,0.0222403499484415,-0.02,0.0,-0.01345,0.0056352711919689,0.0
-0.89,0.27,-0.22035,0.2670053120883873,-1.46,0.51,-0.5874,0.3423510790205467,9.87,10.65,10.3013,0.126301505738288,-0.27,0.07,-0.10325,0.0626302662556713,-0.12,0.28,0.05565,0.0653984886030081,-0.13,0.04,-0.01615,0.0273756209631047,0.0
-0.79,-0.31,-0.4778499999999999,0.092930392170402,-1.68,-0.75,-1.1634,0.2376125810925577,9.87,10.48,10.23495,0.0821201320042899,-0.27,0.06,-0.10875,0.0666117340682397,-0.04,0.14,0.0596999999999999,0.0295172209338598,-0.04,0.02,-0.01285,0.0122936229740929,0.0
-1.28,0.41,-0.5043,0.1333243673702349,-2.21,-0.8,-1.20585,0.2333700611199639,9.87,10.45,10.22255,0.0783305552092986,-0.24,0.07,-0.1050499999999999,0.0595375604599956,-0.13,0.19,0.0581499999999999,0.0367536618351349,-0.03,0.09,-0.01075,0.0145255795860804,0.0
-0.73,-0.41,-0.5912000000000001,0.0804232522190407,-1.63,-0.95,-1.3399,0.1968010244284323,10.0,10.38,10.2017,0.0636661360883642,-0.24,0.01,-0.10535,0.0488652901650504,0.01,0.12,0.0571,0.0236725993460582,-0.03,0.01,-0.01225,0.0106302639930913,0.0
-0.83,0.88,-0.3117,0.2157355304428952,-2.11,-0.27,-1.1314,0.2004117369856567,9.48,10.89,10.2536,0.1131239370143566,-0.48,0.13,-0.1156499999999999,0.0716326299136204,-0.12,0.43,0.0581,0.0638496191793399,-0.21,0.1,-0.0141,0.0330248878284302,0.0
-0.6,-0.1,-0.3291,0.1355620720440803,-1.65,-0.67,-1.1452,0.2801578162572842,9.96,10.45,10.24515,0.0751880556910002,-0.24,0.16,-0.1002,0.0717194422172941,-0.02,0.13,0.0546,0.0328670230783098,-0.03,0.01,-0.01215,0.0060048138143262,0.0
-0.79,1.11,-0.22355,0.2487615505765031,-1.58,0.08,-0.9553,0.4385310220342823,9.87,10.65,10.2735,0.1379088257549368,-0.28,0.19,-0.0892,0.0877946438997701,-0.1,0.28,0.0515,0.053601451266635,-0.17,0.05,-0.0125499999999999,0.0257353656516889,0.0
-0.83,0.59,-0.27165,0.1784854694760062,-1.73,0.04,-1.0278999999999998,0.3271678222557927,9.84,10.54,10.2636,0.1130972810233489,-0.38,0.23,-0.1219,0.0930790445949762,-0.09,0.25,0.06205,0.059040038369341,-0.14,0.08,-0.00895,0.0319137893354697,0.0
-0.15,0.23,0.0096,0.1060806557654985,-1.51,-0.73,-1.2115,0.2205833973259986,10.03,10.46,10.267449999999998,0.0703687166389087,-0.21,0.08,-0.1028,0.0531723281643004,0.0,0.11,0.0563,0.0261482053536391,-0.02,0.0,-0.01185,0.006502995057942,0.0
-0.79,-0.12,-0.50795,0.1462093821103332,-1.81,-0.48,-1.3445999999999998,0.2620672359927973,9.97,10.49,10.20315,0.0892209582832695,-0.3,0.07,-0.1222499999999999,0.076889514808179,-0.07,0.27,0.0695,0.0523205235632218,-0.12,0.04,-0.01685,0.0235018977101828,0.0
-1.11,-0.57,-0.8124499999999999,0.1313306368708555,-2.19,-1.25,-1.7586000000000002,0.2531709256370875,9.86,10.3,10.09625,0.0841895295415178,-0.35,0.09,-0.103,0.0700179445771872,-0.03,0.14,0.05775,0.0372609634468155,-0.06,0.02,-0.0124,0.0120401338913071,0.0
-0.23,0.12,-0.0447999999999999,0.1008105841137067,-1.33,-0.37,-0.8362999999999999,0.2897691162003252,10.04,10.55,10.29425,0.0773781259262545,-0.25,0.14,-0.10055,0.0736090276034374,0.0,0.11,0.0552,0.0260837460700188,-0.02,0.01,-0.01215,0.0058350440181259,0.0
-1.08,2.0,-0.8413499999999999,0.2378054555164091,-2.22,-1.3,-1.788643216080402,0.2424822566490269,9.89,10.29,10.086633165829149,0.0756735486493096,-0.24,0.08,-0.12,0.0549839278628975,-0.03,0.13,0.064572864321608,0.031199803601698,-0.06,0.04,-0.0135175879396984,0.010525987187613,0.0
-1.99,-0.09,-0.81395,0.1609641100482281,-2.34,-1.25,-1.7552,0.2561248910180246,9.79,10.3,10.0954,0.0841919319592749,-0.23,0.06,-0.1041499999999999,0.0634223103271725,-0.04,0.12,0.0554,0.0340239348209979,-0.1,0.02,-0.0110499999999999,0.0135393526563037,0.0
-1.01,-0.58,-0.8421500000000001,0.1107937442676445,-2.14,-1.33,-1.7895,0.2290196498119757,9.9,10.28,10.086099999999998,0.0728996694714401,-0.23,0.07,-0.10175,0.0547211983397539,-0.01,0.12,0.05575,0.0269456460155621,-0.03,0.03,-0.01165,0.0093924753374615,0.0
-1.03,-0.62,-0.841,0.110576379387245,-2.13,-1.35,-1.7735000000000003,0.2335561869493325,9.88,10.28,10.09135,0.0748846852193558,-0.25,0.04,-0.11825,0.0519125424180082,0.0,0.13,0.0624,0.0269978595838735,-0.03,0.01,-0.01325,0.0084435756554463,0.0
-1.03,-0.65,-0.8372499999999999,0.1014712747431013,-2.1,-1.44,-1.79405,0.2006850015552886,9.86,10.29,10.0859,0.0690800278753294,-0.2,0.07,-0.09915,0.0455207446221475,-0.02,0.11,0.0535,0.0235909445193824,-0.03,0.01,-0.01065,0.0073037128301657,0.0
-1.01,-0.68,-0.86375,0.0866717802253835,-2.13,-1.53,-1.8771,0.1686469655670533,9.89,10.25,10.06365,0.0633184303192242,-0.22,0.05,-0.11695,0.0409092327798159,-0.01,0.11,0.06255,0.0214779892005863,-0.03,0.01,-0.0134,0.0069049541605863,0.0
-1.0,-0.66,-0.8196000000000001,0.0853243295082367,-2.12,-1.48,-1.79015,0.1754634280209534,9.88,10.29,10.09125,0.0626944212212004,-0.23,0.04,-0.1034499999999999,0.0475383738144735,-0.01,0.11,0.0556,0.0245285189362511,-0.03,0.01,-0.0115499999999999,0.0065813425949238,0.0
-0.19,0.23,0.0307499999999999,0.1111110517866954,-1.52,-0.77,-1.16995,0.2241443753588858,10.05,10.49,10.275149999999998,0.0763157781192706,-0.23,0.06,-0.11605,0.0515673682413276,0.0,0.12,0.062,0.0242888811752151,-0.03,0.0,-0.01305,0.0062765016021513,0.0
-1.03,-0.7,-0.8967999999999999,0.0722346817410525,-2.16,-1.6,-1.94715,0.157628076663911,9.87,10.22,10.0488,0.061460940736218,-0.22,0.06,-0.10635,0.0432380055695003,-0.01,0.11,0.05735,0.0210879350583485,-0.03,0.01,-0.0116,0.0072597188367001,0.0
-1.01,-0.66,-0.8388500000000001,0.0948480800620512,-2.12,-1.44,-1.8027,0.1882202014160688,9.88,10.27,10.0822,0.0682675787732199,-0.24,0.03,-0.11265,0.046457172150499,-0.01,0.12,0.0602,0.0240175814999247,-0.03,0.0,-0.0126,0.0068903836565661,0.0
-1.05,-0.59,-0.79625,0.0978894746447806,-2.2,-1.43,-1.79935,0.2032600569560307,9.77,10.3,10.0963,0.078447947086014,-0.23,0.07,-0.0973499999999999,0.0504699273611444,-0.03,0.13,0.0513,0.0293533318458443,-0.07,0.02,-0.011,0.0126411627224268,0.0
-0.24,0.14,-0.0823,0.0951312766601761,-1.38,-0.4,-0.9604,0.2812031580199661,10.06,10.54,10.2829,0.0782573386672226,-0.24,0.09,-0.099,0.0696437452775294,0.01,0.11,0.0553,0.0239116884435437,-0.02,0.01,-0.01205,0.0056973501731045,0.0
-0.95,-0.53,-0.7265,0.1180526668940775,-2.13,-1.26,-1.75805,0.2356999572533822,9.86,10.3,10.1082,0.0810345171197072,-0.25,0.07,-0.11695,0.0553399498576865,-0.02,0.13,0.0617,0.0302769461362384,-0.05,0.02,-0.0131,0.0108154923314595,0.0
-2.65,0.24,-0.8575499999999999,0.4259798017010741,-2.68,-0.84,-1.65715,0.3252758821331324,9.26,10.74,10.0986,0.1762365929182049,-0.54,0.38,-0.09815,0.1531481284450814,-0.91,0.63,0.05215,0.2171674145207983,-0.17,0.2,-0.0103,0.0487317547354698,0.0
-1.39,0.27,-0.47625,0.2943597728620488,-2.08,-0.63,-1.27275,0.3822847704639085,9.66,10.55,10.21345,0.1301240131335098,-0.34,0.24,-0.0985,0.0953952370733539,-0.3,0.31,0.0547,0.0904367404327494,-0.27,0.2,-0.0074,0.0476401924817531,0.0
-1.17,0.23,-0.67865,0.2643864186980106,-2.06,-0.49,-1.3826999999999998,0.32089809588045,9.88,10.59,10.17435,0.1184938032431872,-0.34,0.1,-0.1076,0.0697536224091335,-0.15,0.28,0.0647,0.0539393852989831,-0.15,0.06,-0.01375,0.0290111311162322,0.0
-0.99,-0.67,-0.8523499999999999,0.0765524584482586,-1.86,-1.14,-1.5558499999999995,0.1979347577908148,9.91,10.29,10.1332,0.066504694359566,-0.23,0.02,-0.11895,0.0465319634024876,0.02,0.12,0.06205,0.0186826848597261,-0.03,0.01,-0.0133499999999999,0.0068931179720707,0.0
-1.09,-0.68,-0.8367,0.0900257361304485,-2.02,-1.24,-1.5489999999999997,0.1997586483432937,9.9,10.31,10.1312,0.0701295284011581,-0.27,0.06,-0.10885,0.0579653119282099,-0.02,0.16,0.0581,0.0288016959299658,-0.06,0.01,-0.0138,0.0107301294676233,0.0
-0.03,0.13,0.05465,0.0348561653270484,-1.33,-1.04,-1.2064,0.0572751447929665,10.05,10.47,10.274049999999995,0.0700616921257086,-0.18,0.01,-0.1109,0.0255234644235633,0.03,0.09,0.06075,0.0141754086733073,-0.02,0.0,-0.0125,0.0049874213637205,1.0
-0.09,0.07,0.0005999999999999,0.0235672884614911,-1.38,-1.22,-1.29765,0.0307359887595165,10.05,10.47,10.2564,0.0653405458706412,-0.17,0.0,-0.10825,0.0225829014341809,0.02,0.09,0.05845,0.0139668487613207,-0.02,0.0,-0.01205,0.0045165802868361,1.0
-0.09,0.17,0.0436,0.0305730856774254,-1.56,-1.24,-1.34635,0.0515115979524814,10.03,10.46,10.248399999999998,0.0668715110863727,-0.21,0.0,-0.11145,0.027462125586133,0.03,0.13,0.0603,0.0141389372917024,-0.02,0.01,-0.0119,0.0049510163415272,1.0
-0.06,0.09,0.02275,0.023143370063356,-1.46,-1.28,-1.3657500000000002,0.0299318740714164,10.0,10.46,10.24585,0.0687013601351684,-0.18,0.01,-0.1089,0.0253178785618853,0.03,0.08,0.05875,0.0116021787938222,-0.02,0.0,-0.012,0.0050125470711708,1.0
-0.11,0.06,-0.01955,0.0261095007641041,-1.4,-1.24,-1.3107999999999995,0.0313251708959151,10.03,10.43,10.249950000000002,0.0724759360514416,-0.16,0.0,-0.10815,0.0259701703641643,0.03,0.1,0.05915,0.014134227319155,-0.02,0.0,-0.0117499999999999,0.0051546437082298,1.0
-0.07,0.07,0.0083,0.0234918995982374,-1.48,-1.31,-1.38945,0.0305427865304595,10.02,10.44,10.238499999999998,0.0706306836108548,-0.18,0.02,-0.1084,0.0264373726638415,0.03,0.09,0.05935,0.0118227062007624,-0.02,0.0,-0.0118999999999999,0.0046365383032156,1.0
-0.33,0.04,-0.0773499999999999,0.0693434935700712,-1.62,-1.34,-1.4718,0.0586768683074673,9.99,10.41,10.22015,0.0727457021818447,-0.18,0.01,-0.11115,0.0281092180734989,0.03,0.11,0.0634,0.014577465917052,-0.03,0.01,-0.011,0.0055817361899746,1.0
-0.34,0.08,-0.0213,0.0892363470125301,-1.65,-1.27,-1.3841500000000002,0.0760340937809179,10.01,10.44,10.2382,0.0722207670686202,-0.18,0.01,-0.1088,0.0278466727981934,0.03,0.11,0.05975,0.011666965777453,-0.02,0.0,-0.01145,0.0048492345145274,1.0
-0.05,0.08,0.0116999999999999,0.0220121026555071,-1.46,-1.27,-1.35335,0.0337039654407631,10.03,10.45,10.24895,0.0671336887173944,-0.18,0.01,-0.1087,0.0236454124015249,0.04,0.08,0.0586,0.0096699295596422,-0.02,0.0,-0.0121,0.0050713502112183,1.0
-0.14,0.07,-0.05175,0.0455831836664117,-1.52,-1.32,-1.4093467336683416,0.0400261956759232,10.02,10.42,10.236532663316584,0.06975091099251,-0.17,0.01,-0.1093467336683417,0.0266112184303519,0.02,0.11,0.0603015075376884,0.0140313339012791,-0.02,0.0,-0.0116582914572864,0.0045796893608514,1.0
-0.46,0.01,-0.21255,0.1024866580359457,-1.53,-1.21,-1.35005,0.0800031249389672,10.02,10.41,10.2298,0.068442544587031,-0.17,0.02,-0.10365,0.0320517405198494,-0.15,0.16,0.05645,0.0391992398141858,-0.05,0.02,-0.0106,0.0075448408277165,1.0
-0.4,1.0,-0.3034,0.0962275360459122,-1.34,-1.18,-1.2624623115577889,0.030541697555624,10.03,10.42,10.239999999999998,0.0662105609690658,-0.18,-0.01,-0.1088442211055276,0.0234880337956847,0.03,0.09,0.0588442211055276,0.0115981039146712,-0.02,0.0,-0.0119597989949748,0.0048905590310475,1.0
0.01,0.13,0.0754,0.0261583888367128,-1.36,-1.2,-1.2786499999999998,0.0307964218374464,10.01,10.45,10.26345,0.0705940158609558,-0.17,0.01,-0.10815,0.0253235842565382,0.02,0.09,0.0587,0.0136470218740262,-0.02,0.0,-0.012,0.0051118150657405,1.0
-0.39,-0.26,-0.3297,0.0242870190942077,-1.37,-1.19,-1.2888499999999998,0.0317682800618864,9.98,10.42,10.23035,0.0717083533467231,-0.18,0.01,-0.10895,0.026720167227834,0.03,0.09,0.0593,0.0125817926996787,-0.02,0.0,-0.01195,0.0048802236541548,1.0
-0.41,-0.3,-0.3504,0.0212390083899162,-1.43,-1.24,-1.33555,0.0337549177507783,10.0,10.43,10.2252,0.0720200976975302,-0.18,0.01,-0.1085,0.0274502748244839,0.03,0.09,0.05905,0.0120550454417648,-0.02,0.0,-0.012,0.0051118150657405,1.0
-0.65,-0.3,-0.40905,0.0795754911638618,-1.53,-1.27,-1.3681,0.0452951238126801,10.0,10.41,10.21345,0.0745276414945064,-0.17,-0.01,-0.1105,0.0268393695677445,0.01,0.12,0.0632499999999999,0.0165925908269853,-0.02,0.0,-0.0116,0.0048536366720968,1.0
-0.3,0.08,-0.1541999999999999,0.1055036258873451,-1.51,-1.24,-1.39545,0.0561745082478201,10.01,10.44,10.2329,0.0689955937708996,-0.17,-0.01,-0.1082,0.0222539025994211,0.02,0.1,0.05855,0.01285393395387,-0.04,0.01,-0.012,0.0058455841685289,1.0
-0.33,-0.2,-0.254,0.0251228139127461,-1.52,-1.34,-1.4256,0.0293931930724611,10.02,10.4,10.21925,0.0629583694309743,-0.17,-0.03,-0.108,0.02168759458294,0.03,0.09,0.05915,0.0135534490038328,-0.02,0.0,-0.01135,0.0043325923860801,1.0
-0.55,-0.17,-0.3223,0.053666661464673,-1.58,-1.39,-1.48095,0.035039066495906,9.96,10.42,10.20245,0.0686444301378103,-0.19,-0.02,-0.1098,0.0257931469999456,0.02,0.2,0.0642,0.0226478392593107,-0.03,0.01,-0.0113,0.0065209365175047,1.0
-0.57,0.09,-0.0045499999999999,0.0784382578943944,-1.66,-1.11,-1.20695,0.0690218631155353,10.03,10.45,10.26845,0.0717344173543342,-0.18,0.0,-0.10795,0.025008491020363,-0.05,0.09,0.057,0.015498419436353,-0.03,0.0,-0.01225,0.0053460641606746,1.0
-0.06,0.07,0.0027999999999999,0.0245186832669645,-1.31,-1.13,-1.21995,0.0329838928255845,10.04,10.44,10.26815,0.0703550043221221,-0.16,0.01,-0.1085,0.0241175929863924,0.02,0.09,0.05795,0.0125332723010738,-0.02,0.0,-0.0120499999999999,0.0052378118873088,1.0
-0.09,0.05,-0.0128,0.0271818739485853,-1.36,-1.17,-1.2477,0.0330480083253342,10.03,10.43,10.26455,0.0703530043859581,-0.17,0.0,-0.1091,0.0240641938808612,0.03,0.09,0.0591,0.0126487133633719,-0.02,0.0,-0.012,0.0051118150657405,1.0
-0.11,0.12,0.005,0.0534817866898413,-1.36,-1.21,-1.27925,0.0303072623434346,10.03,10.46,10.25955,0.0692624279071849,-0.17,0.0,-0.1083,0.0232985862361434,0.02,0.09,0.05805,0.012183583154904,-0.02,0.0,-0.0118,0.0053762926457797,1.0
-0.02,0.11,0.0488,0.0269851997403229,-1.41,-1.23,-1.3213499999999998,0.0379059600728596,10.07,10.42,10.254450000000002,0.0584704323336712,-0.17,-0.05,-0.10835,0.021071247885144,0.03,0.09,0.05765,0.0126004506579693,-0.02,0.0,-0.0118999999999999,0.0049510163415272,1.0
-0.06,0.09,0.0177,0.026098191084622,-1.45,-1.28,-1.3627,0.0305347647656974,10.03,10.43,10.24905,0.0699647973220933,-0.17,0.0,-0.108,0.0245154038336232,0.03,0.09,0.0588,0.013320932256449,-0.02,0.0,-0.01165,0.0051876835197906,1.0
-0.21,0.4,0.0533,0.1609335516298606,-1.6,-1.0,-1.3418,0.1548828703168556,10.01,10.47,10.24945,0.0783767316255373,-0.17,0.0,-0.1114,0.0267322476669402,0.03,0.11,0.06045,0.0152795557566508,-0.02,0.01,-0.01185,0.005405887354584,1.0
0.29,2.0,0.36485,0.1189061430468222,-1.14,-0.95,-1.0479396984924625,0.0357922792576009,10.03,10.48,10.298140703517587,0.0762972675252908,-0.18,0.04,-0.1084924623115577,0.0283153007405468,0.02,0.09,0.0594472361809045,0.01276025948485,-0.02,0.0,-0.0117085427135678,0.0043918516592553,1.0
0.27,0.4,0.3408499999999999,0.0218900289363484,-1.15,-1.0,-1.0773,0.0293943897836605,10.03,10.47,10.29635,0.0646923721552655,-0.18,0.03,-0.1074,0.0248055756416692,0.02,0.09,0.0583,0.0122826838112865,-0.02,0.0,-0.01135,0.004558662856055,1.0
0.26,0.41,0.3386,0.0253029880850098,-1.16,-0.99,-1.0830499999999998,0.0335533401193655,10.06,10.53,10.2927,0.0734827091410868,-0.18,0.03,-0.1075,0.0278501012691788,0.02,0.09,0.05875,0.0132595845679483,-0.02,0.0,-0.0115,0.004675392655426,1.0
0.0,1.0,0.27895,0.0867584731499845,-1.4,-1.02,-1.1609045226130652,0.0752718033089553,10.04,10.49,10.281005025125626,0.0731125807886035,-0.18,0.03,-0.1138190954773869,0.0301760396820868,0.02,0.11,0.0638693467336683,0.0153281616797376,-0.02,0.0,-0.011608040201005,0.004759587419348,1.0
